id,rent_price
7000,2494.13
7001,2915.54
7002,4110.0
7003,1097.0
7004,2491.23
7005,1658.9
7006,3654.22
7007,2243.98
7008,2073.26
7009,3418.39
7010,4499.68
7011,3334.27
7012,2475.52
7013,2568.14
7014,2909.83
7015,4128.4
7016,2930.81
7017,3809.11
7018,4413.91
7019,3270.56
7020,3789.59
7021,1331.48
7022,2284.99
7023,2631.72
7024,4019.82
7025,3114.59
7026,3245.65
7027,2806.3
7028,4179.07
7029,3113.38
7030,2770.84
7031,4492.04
7032,3637.88
7033,2435.94
7034,4293.56
7035,2828.62
7036,1712.03
7037,4067.41
7038,3098.76
7039,3746.23
7040,3933.75
7041,1764.09
7042,1617.66
7043,3492.85
7044,2536.0
7045,2447.77
7046,4070.69
7047,1554.96
7048,3938.06
7049,2251.16
7050,2458.18
7051,3231.52
7052,1984.05
7053,2523.26
7054,3449.48
7055,3351.38
7056,2189.06
7057,3872.81
7058,2366.27
7059,1276.08
7060,2742.64
7061,2016.6
7062,2580.78
7063,4484.96
7064,1685.63
7065,2268.29
7066,2392.07
7067,4078.44
7068,10947.01
7069,4330.08
7070,21407.15
7071,1955.88
7072,2269.66
7073,2547.46
7074,1781.7
7075,2720.35
7076,2457.09
7077,2062.99
7078,3265.4
7079,2980.16
7080,2681.14
7081,1986.53
7082,4773.97
7083,2975.21
7084,3381.37
7085,3360.45
7086,2145.27
7087,3471.06
7088,2377.57
7089,2455.15
7090,3644.8
7091,2237.45
7092,3162.98
7093,2420.54
7094,1727.94
7095,2328.88
7096,2166.54
7097,3414.39
7098,2914.49
7099,1998.72
7100,1834.35
7101,3204.87
7102,2458.42
7103,1089.76
7104,3903.12
7105,4444.64
7106,3112.09
7107,4028.92
7108,2024.4
7109,1218.64
7110,2983.89
7111,2758.53
7112,2562.45
7113,1440.45
7114,3572.9
7115,2178.93
7116,2058.26
7117,2210.58
7118,3633.78
7119,2798.31
7120,2137.63
7121,1948.49
7122,3347.98
7123,1607.6
7124,2129.07
7125,1873.5
7126,3593.78
7127,2430.85
7128,1974.58
7129,1806.3
7130,2515.63
7131,3420.99
7132,3355.09
7133,4528.64
7134,1039.98
7135,4234.02
7136,1963.93
7137,2211.56
7138,2055.63
7139,3942.02
7140,2753.58
7141,2242.31
7142,2239.05
7143,2711.29
7144,2387.32
7145,2090.48
7146,4004.93
7147,2247.7
7148,2174.77
7149,3039.73
7150,2184.38
7151,1932.33
7152,2120.92
7153,3333.63
7154,1821.56
7155,4039.66
7156,1305.7
7157,3416.03
7158,3143.7
7159,1880.54
7160,1750.96
7161,2630.53
7162,2385.96
7163,3183.4
7164,2379.91
7165,4355.77
7166,1979.63
7167,3957.51
7168,2532.54
7169,3483.13
7170,2033.35
7171,1901.53
7172,2191.0
7173,3748.36
7174,4069.02
7175,1979.78
7176,2079.0
7177,1988.15
7178,3136.24
7179,2116.86
7180,3649.99
7181,3648.73
7182,1451.12
7183,3153.17
7184,2210.58
7185,1831.89
7186,2510.18
7187,2688.2
7188,2839.4
7189,2204.92
7190,2814.89
7191,2385.4
7192,2318.08
7193,1812.06
7194,4887.03
7195,4181.89
7196,1524.75
7197,2251.27
7198,1963.25
7199,2301.25
7200,2125.89
7201,2461.71
7202,2663.05
7203,2825.0
7204,2919.14
7205,2100.35
7206,2066.49
7207,2560.64
7208,1842.91
7209,2085.35
7210,1106.67
7211,2233.03
7212,2241.25
7213,2138.54
7214,4222.02
7215,2394.38
7216,3908.71
7217,2322.55
7218,27437.93
7219,2774.91
7220,4435.58
7221,2216.65
7222,3841.93
7223,2367.22
7224,2827.71
7225,14119.81
7226,3549.28
7227,2276.79
7228,3924.15
7229,2199.79
7230,2986.05
7231,3602.27
7232,4231.48
7233,2504.15
7234,2008.3
7235,3850.25
7236,3634.72
7237,2964.94
7238,2369.2
7239,1651.26
7240,3704.12
7241,2120.17
7242,4191.95
7243,3815.24
7244,4453.82
7245,3124.1
7246,2662.27
7247,3933.5
7248,1133.54
7249,2809.56
7250,2732.69
7251,2330.75
7252,2709.92
7253,3430.35
7254,1052.72
7255,1478.78
7256,2265.8
7257,3617.15
7258,4688.92
7259,1626.29
7260,1438.65
7261,3027.96
7262,3026.71
7263,2109.93
7264,1815.21
7265,2467.0
7266,3011.77
7267,3976.69
7268,3867.35
7269,2411.49
7270,3032.43
7271,2633.63
7272,2209.92
7273,2187.62
7274,2110.41
7275,3176.76
7276,3937.8
7277,2853.7
7278,4494.73
7279,3056.78
7280,2598.37
7281,2089.27
7282,2368.18
7283,2159.16
7284,3702.46
7285,2311.51
7286,2430.87
7287,2253.93
7288,2529.35
7289,2746.21
7290,3467.54
7291,4241.18
7292,3145.11
7293,2640.8
7294,4191.22
7295,1997.11
7296,11777.77
7297,4242.69
7298,2947.25
7299,3934.83
7300,3197.35
7301,2823.31
7302,1210.45
7303,13124.44
7304,2038.33
7305,24687.25
7306,2050.32
7307,2366.14
7308,3364.92
7309,1985.62
7310,2252.11
7311,2292.68
7312,1416.79
7313,2320.05
7314,1690.76
7315,2191.41
7316,4525.47
7317,2468.09
7318,2124.39
7319,2401.04
7320,2793.92
7321,3683.11
7322,3006.78
7323,2337.84
7324,3765.08
7325,3266.75
7326,1240.44
7327,2443.08
7328,3218.74
7329,2552.01
7330,2046.3
7331,4923.63
7332,3091.21
7333,3799.58
7334,3400.95
7335,1875.92
7336,4328.94
7337,2780.75
7338,2584.85
7339,2405.84
7340,7087.52
7341,2531.9
7342,2164.7
7343,4371.74
7344,1425.56
7345,2134.4
7346,1425.55
7347,2108.05
7348,4127.99
7349,2922.47
7350,4049.24
7351,1232.25
7352,4014.7
7353,2195.12
7354,1631.42
7355,3522.61
7356,3678.15
7357,1470.39
7358,4351.0
7359,2302.19
7360,25226.53
7361,2849.7
7362,2455.87
7363,2134.62
7364,13004.51
7365,1923.26
7366,1390.86
7367,3591.32
7368,2780.11
7369,2156.52
7370,2386.79
7371,1228.04
7372,1245.19
7373,3500.73
7374,4139.22
7375,2042.72
7376,4682.06
7377,1475.7
7378,4428.34
7379,2806.86
7380,16537.16
7381,1997.05
7382,3271.0
7383,2323.13
7384,2507.19
7385,2859.03
7386,2392.67
7387,1399.86
7388,3134.04
7389,3020.77
7390,2406.13
7391,3033.82
7392,3164.2
7393,8498.92
7394,2719.75
7395,2806.82
7396,2766.88
7397,2237.06
7398,2543.96
7399,1399.44
7400,4388.37
7401,1829.63
7402,2411.32
7403,3514.02
7404,2349.62
7405,2799.27
7406,1931.03
7407,1242.76
7408,2114.23
7409,4610.7
7410,3692.56
7411,3959.23
7412,23658.15
7413,2446.78
7414,2297.84
7415,2410.58
7416,1623.23
7417,2302.2
7418,3469.33
7419,2023.4
7420,2652.0
7421,1069.49
7422,4331.79
7423,2828.62
7424,2096.61
7425,2327.63
7426,3160.75
7427,3165.02
7428,3224.35
7429,1865.22
7430,4093.19
7431,2395.27
7432,2939.57
7433,2551.55
7434,2071.96
7435,11937.53
7436,2488.44
7437,1820.02
7438,2213.12
7439,3492.83
7440,2836.67
7441,2421.82
7442,2450.69
7443,1552.21
7444,16787.11
7445,2502.74
7446,9665.63
7447,2234.77
7448,3256.21
7449,2913.26
7450,3061.84
7451,2440.34
7452,2840.74
7453,1815.67
7454,2224.8
7455,1923.16
7456,2934.98
7457,2134.48
7458,2711.55
7459,2556.18
7460,2245.16
7461,2918.96
7462,2273.4
7463,2270.76
7464,3767.35
7465,2308.81
7466,16908.71
7467,16207.54
7468,3872.66
7469,2967.66
7470,2065.62
7471,3454.08
7472,2120.87
7473,3679.35
7474,2835.7
7475,2275.94
7476,3024.0
7477,1786.88
7478,2196.54
7479,2682.68
7480,2447.74
7481,12139.61
7482,1942.96
7483,3165.08
7484,1973.52
7485,3551.78
7486,3913.85
7487,3361.56
7488,3972.24
7489,3600.53
7490,2486.49
7491,3053.61
7492,2017.84
7493,3015.8
7494,3694.17
7495,2807.29
7496,2150.53
7497,3692.97
7498,3705.24
7499,2091.79
7500,2617.13
7501,4153.08
7502,3414.65
7503,3858.83
7504,2248.5
7505,2522.13
7506,2564.3
7507,11003.35
7508,16289.65
7509,2691.52
7510,3766.63
7511,2234.21
7512,4675.03
7513,2938.25
7514,2318.57
7515,2131.48
7516,3807.69
7517,3255.62
7518,2426.51
7519,2340.99
7520,1714.44
7521,3247.71
7522,2560.3
7523,1222.95
7524,3837.16
7525,2337.96
7526,18621.71
7527,1790.87
7528,2003.79
7529,4018.69
7530,3474.72
7531,2026.08
7532,1881.71
7533,2644.41
7534,1232.87
7535,1811.87
7536,3126.06
7537,2689.0
7538,2475.01
7539,3216.77
7540,2738.03
7541,2864.09
7542,2489.35
7543,2627.11
7544,2482.53
7545,2380.95
7546,2244.36
7547,1736.32
7548,1960.58
7549,4077.95
7550,2644.81
7551,9050.58
7552,2847.53
7553,19134.27
7554,4506.6
7555,4344.95
7556,4210.26
7557,4548.75
7558,2395.75
7559,2844.84
7560,4187.4
7561,1826.15
7562,2662.4
7563,2981.1
7564,21230.23
7565,2892.06
7566,2708.63
7567,2257.67
7568,3478.85
7569,2143.19
7570,2914.52
7571,2815.04
7572,4622.33
7573,2342.73
7574,1904.82
7575,2826.82
7576,3519.91
7577,986.43
7578,1507.86
7579,1299.57
7580,2447.13
7581,2334.22
7582,3387.86
7583,2759.17
7584,2641.88
7585,2552.69
7586,2796.68
7587,2031.85
7588,4407.81
7589,2851.56
7590,2194.73
7591,2438.09
7592,1640.78
7593,1982.58
7594,2521.14
7595,2303.94
7596,3907.11
7597,2167.41
7598,1692.67
7599,2905.43
7600,2293.42
7601,2350.18
7602,2697.73
7603,1572.67
7604,4487.46
7605,2408.32
7606,4567.39
7607,16773.0
7608,2215.56
7609,2661.27
7610,3068.27
7611,2146.21
7612,2643.64
7613,3880.47
7614,18380.87
7615,3064.52
7616,1562.08
7617,2407.74
7618,1231.98
7619,3566.79
7620,1096.06
7621,2368.42
7622,3271.06
7623,3542.12
7624,3150.46
7625,7769.59
7626,3597.73
7627,1626.45
7628,2927.03
7629,2010.38
7630,2316.58
7631,2674.92
7632,2060.52
7633,2397.48
7634,2192.15
7635,2080.61
7636,2362.32
7637,3662.19
7638,4102.71
7639,2268.07
7640,2396.35
7641,2632.82
7642,3280.26
7643,1834.74
7644,2779.29
7645,2762.41
7646,3538.22
7647,3161.84
7648,2418.21
7649,3718.99
7650,1021.23
7651,2834.3
7652,8099.01
7653,13926.38
7654,1663.86
7655,2144.89
7656,2652.32
7657,14760.9
7658,2081.43
7659,2476.47
7660,2022.1
7661,2278.91
7662,3948.99
7663,1936.12
7664,2730.87
7665,2625.98
7666,2642.76
7667,2483.78
7668,2195.6
7669,16444.2
7670,3705.64
7671,2389.43
7672,22543.66
7673,1928.89
7674,2058.62
7675,3231.03
7676,2514.34
7677,2110.1
7678,2356.73
7679,2478.91
7680,1162.93
7681,2525.38
7682,2238.9
7683,2929.45
7684,1261.11
7685,2221.36
7686,4448.71
7687,2010.13
7688,3558.78
7689,1925.84
7690,1931.68
7691,3260.57
7692,2245.25
7693,16332.62
7694,2320.43
7695,1214.08
7696,3480.43
7697,19509.83
7698,2414.59
7699,2417.4
7700,3473.59
7701,3150.22
7702,2337.82
7703,3603.28
7704,2241.37
7705,3018.11
7706,2954.83
7707,3453.85
7708,4122.58
7709,2283.22
7710,4295.83
7711,4166.7
7712,1883.42
7713,4341.13
7714,3023.88
7715,2060.95
7716,849.1
7717,3352.27
7718,2225.72
7719,4185.41
7720,2317.86
7721,2348.0
7722,2764.18
7723,3079.58
7724,3120.9
7725,3985.1
7726,15747.94
7727,3217.5
7728,2699.69
7729,2711.64
7730,4127.48
7731,2709.82
7732,2776.92
7733,4275.91
7734,19795.58
7735,2227.65
7736,1401.38
7737,2260.86
7738,2805.55
7739,3020.05
7740,3134.97
7741,2287.6
7742,1637.02
7743,3849.58
7744,2643.02
7745,3940.41
7746,1872.43
7747,2328.23
7748,2956.79
7749,2852.74
7750,2320.22
7751,1745.6
7752,2204.04
7753,3466.64
7754,1856.88
7755,3684.7
7756,3322.6
7757,2607.85
7758,2310.88
7759,4309.03
7760,3829.24
7761,1364.43
7762,2253.22
7763,2946.18
7764,2743.29
7765,2980.68
7766,3840.73
7767,2178.37
7768,2093.31
7769,2189.33
7770,2603.37
7771,2234.32
7772,1029.48
7773,2629.54
7774,2937.26
7775,4298.28
7776,3160.02
7777,2434.69
7778,2488.61
7779,2440.33
7780,15497.44
7781,2947.8
7782,3268.79
7783,8105.03
7784,2211.7
7785,3081.52
7786,2222.19
7787,2125.11
7788,2669.95
7789,3135.23
7790,2302.72
7791,2550.98
7792,2249.08
7793,4131.14
7794,949.59
7795,2409.06
7796,3610.79
7797,3258.6
7798,2443.44
7799,2576.77
7800,1855.77
7801,3358.91
7802,3389.57
7803,3141.01
7804,2937.27
7805,2142.39
7806,2311.79
7807,4389.96
7808,2721.95
7809,3700.62
7810,2111.92
7811,2146.79
7812,2569.25
7813,3062.41
7814,3030.78
7815,1310.43
7816,3622.21
7817,3589.93
7818,17663.89
7819,3454.57
7820,2041.45
7821,2400.05
7822,2953.94
7823,3001.91
7824,1903.56
7825,3523.76
7826,2066.99
7827,2147.64
7828,1581.75
7829,2518.21
7830,3471.9
7831,2108.96
7832,2803.31
7833,1150.35
7834,4044.05
7835,3223.8
7836,3438.28
7837,2922.0
7838,2719.12
7839,3918.62
7840,2966.21
7841,3244.16
7842,2324.08
7843,4272.23
7844,3167.19
7845,2021.61
7846,2756.46
7847,2240.25
7848,3533.85
7849,13903.04
7850,1200.87
7851,4004.87
7852,2660.41
7853,2664.38
7854,3170.57
7855,4215.81
7856,2571.68
7857,1998.86
7858,2547.87
7859,3718.6
7860,2646.5
7861,2305.68
7862,2453.68
7863,2204.82
7864,3943.45
7865,4387.83
7866,3292.6
7867,2978.72
7868,2580.44
7869,3925.82
7870,2740.26
7871,2120.2
7872,2049.61
7873,2157.21
7874,4289.19
7875,2501.58
7876,3595.6
7877,1332.67
7878,3053.21
7879,3700.69
7880,3250.48
7881,1588.1
7882,2978.81
7883,1875.37
7884,3449.95
7885,1279.24
7886,2687.55
7887,2766.28
7888,4025.23
7889,2274.7
7890,2624.14
7891,2314.88
7892,2333.62
7893,2225.5
7894,17530.81
7895,3022.99
7896,3939.89
7897,2513.55
7898,3469.93
7899,1461.06
7900,2906.11
7901,3226.53
7902,1916.71
7903,3239.4
7904,1199.27
7905,3255.5
7906,3039.23
7907,2288.12
7908,4080.71
7909,2457.75
7910,2950.38
7911,2626.73
7912,3482.07
7913,2748.61
7914,2232.92
7915,2697.45
7916,1995.33
7917,2520.59
7918,3245.57
7919,14114.71
7920,4071.11
7921,4521.74
7922,3229.76
7923,2394.09
7924,2784.54
7925,16835.94
7926,4323.94
7927,3599.48
7928,1998.19
7929,2504.98
7930,1144.83
7931,2393.85
7932,15503.29
7933,2340.82
7934,3037.18
7935,3043.01
7936,2459.71
7937,2127.87
7938,3759.4
7939,2891.21
7940,2255.84
7941,3979.51
7942,1410.39
7943,2305.84
7944,2353.52
7945,2871.54
7946,4091.58
7947,4016.57
7948,2307.08
7949,2811.6
7950,2146.9
7951,3302.07
7952,1924.63
7953,2678.48
7954,1457.84
7955,2860.77
7956,2272.62
7957,2283.1
7958,1865.43
7959,4121.73
7960,2224.23
7961,1199.95
7962,3310.92
7963,3041.14
7964,2526.52
7965,1392.65
7966,1755.15
7967,3757.4
7968,1273.44
7969,7838.0
7970,3686.36
7971,2326.12
7972,2216.21
7973,1713.82
7974,2036.03
7975,4334.01
7976,3238.17
7977,2907.7
7978,3808.96
7979,1802.92
7980,2209.57
7981,2098.33
7982,4668.67
7983,2863.77
7984,1617.62
7985,2481.03
7986,2068.8
7987,3289.76
7988,3847.96
7989,2449.26
7990,3197.1
7991,18505.03
7992,2266.87
7993,2811.61
7994,1452.97
7995,2205.93
7996,3998.42
7997,1705.24
7998,2446.57
7999,2296.54
8000,4482.2
8001,2792.88
8002,3548.72
8003,2241.78
8004,1784.77
8005,2515.17
8006,1720.23
8007,2981.68
8008,2341.51
8009,3081.7
8010,3776.84
8011,2565.01
8012,3595.93
8013,1403.91
8014,2207.72
8015,2620.97
8016,20861.99
8017,4014.81
8018,2116.25
8019,1718.3
8020,2479.31
8021,2348.17
8022,2743.07
8023,2215.33
8024,3955.49
8025,2015.67
8026,2949.98
8027,2396.39
8028,4644.26
8029,4347.59
8030,2104.51
8031,4829.96
8032,2690.65
8033,1433.8
8034,2679.6
8035,1072.12
8036,2191.71
8037,2355.6
8038,2419.44
8039,2499.98
8040,2658.09
8041,2764.88
8042,4281.67
8043,2201.55
8044,3777.5
8045,3777.39
8046,2740.55
8047,3710.41
8048,3439.02
8049,14776.07
8050,2030.62
8051,2976.5
8052,2373.3
8053,4417.2
8054,3370.42
8055,1015.18
8056,4618.83
8057,3105.17
8058,12774.63
8059,2618.79
8060,2619.5
8061,2307.51
8062,11387.58
8063,3705.47
8064,1308.53
8065,19528.01
8066,3849.03
8067,2254.19
8068,3574.82
8069,2317.1
8070,1705.16
8071,3611.28
8072,2004.03
8073,2628.81
8074,2954.09
8075,3874.39
8076,2039.41
8077,2375.24
8078,1844.85
8079,4943.07
8080,1396.21
8081,2373.45
8082,2569.63
8083,2714.82
8084,3012.04
8085,13186.06
8086,2684.13
8087,2134.49
8088,3192.53
8089,1963.1
8090,1131.32
8091,4436.68
8092,2163.39
8093,2171.84
8094,3319.35
8095,2469.34
8096,1891.96
8097,2082.79
8098,2238.8
8099,1984.34
8100,2463.53
8101,4133.83
8102,4471.46
8103,2637.54
8104,1956.21
8105,2391.52
8106,1934.21
8107,3037.88
8108,2365.45
8109,2555.73
8110,1788.56
8111,2257.79
8112,2221.31
8113,2987.4
8114,2887.51
8115,2923.94
8116,1430.61
8117,3201.46
8118,2987.42
8119,2783.08
8120,2894.05
8121,2096.17
8122,2564.91
8123,4180.05
8124,3009.24
8125,1849.64
8126,1445.86
8127,2093.08
8128,2695.6
8129,2473.94
8130,2292.77
8131,3205.56
8132,2896.94
8133,3284.72
8134,4158.65
8135,1955.73
8136,2329.74
8137,13428.16
8138,2335.17
8139,2250.12
8140,1977.79
8141,4413.17
8142,2681.54
8143,2975.49
8144,2290.85
8145,2147.44
8146,1954.18
8147,3230.22
8148,2310.91
8149,2293.25
8150,2739.08
8151,1921.58
8152,1391.41
8153,3863.36
8154,4103.57
8155,3207.83
8156,1038.47
8157,2692.68
8158,1160.18
8159,4186.73
8160,1966.99
8161,22461.32
8162,1862.63
8163,3026.68
8164,1033.39
8165,2251.61
8166,3729.91
8167,3067.93
8168,2416.97
8169,2445.83
8170,1780.62
8171,3493.45
8172,2342.68
8173,2205.87
8174,2355.72
8175,2115.32
8176,4600.86
8177,17121.39
8178,1874.09
8179,2834.37
8180,3838.92
8181,3929.11
8182,2082.34
8183,2376.54
8184,3541.54
8185,3485.93
8186,2461.72
8187,1761.57
8188,29278.31
8189,3693.32
8190,2467.52
8191,3156.32
8192,3360.84
8193,4662.74
8194,1413.16
8195,1182.17
8196,4526.58
8197,1924.33
8198,2549.52
8199,2894.91
8200,4103.29
8201,4026.12
8202,2332.0
8203,1873.87
8204,4469.23
8205,2173.13
8206,2154.29
8207,1080.45
8208,2722.99
8209,4345.0
8210,1539.88
8211,2761.39
8212,1221.73
8213,2271.14
8214,2298.55
8215,1926.72
8216,1709.82
8217,1150.08
8218,3470.89
8219,2155.53
8220,1719.12
8221,3301.8
8222,4340.06
8223,2918.44
8224,3398.1
8225,4201.06
8226,2382.21
8227,2389.46
8228,2054.62
8229,2297.83
8230,2955.24
8231,2469.25
8232,2074.58
8233,2831.38
8234,2249.18
8235,2477.43
8236,3813.41
8237,4102.97
8238,3563.5
8239,3420.73
8240,2548.85
8241,4795.37
8242,4769.01
8243,1656.13
8244,3121.29
8245,2138.43
8246,2965.0
8247,2260.55
8248,2347.1
8249,3141.81
8250,9561.04
8251,3789.91
8252,2983.74
8253,3196.93
8254,2483.11
8255,9793.33
8256,2717.89
8257,2247.85
8258,2333.54
8259,3742.08
8260,3017.71
8261,2690.57
8262,2106.7
8263,2354.38
8264,1757.7
8265,4714.58
8266,2145.16
8267,3453.59
8268,4222.3
8269,2210.77
8270,4417.79
8271,2700.58
8272,2627.45
8273,2272.29
8274,2606.74
8275,2429.02
8276,2449.54
8277,1741.2
8278,3646.37
8279,2447.82
8280,2329.13
8281,3364.86
8282,2190.19
8283,2765.43
8284,3634.91
8285,1313.35
8286,1143.54
8287,4427.48
8288,2623.66
8289,1971.66
8290,2862.59
8291,3656.56
8292,3048.98
8293,29555.31
8294,3914.63
8295,1970.61
8296,2769.17
8297,2297.17
8298,2415.77
8299,3750.03
8300,2147.46
8301,1454.3
8302,2241.69
8303,1785.33
8304,2949.79
8305,3888.12
8306,2274.06
8307,4138.87
8308,4246.74
8309,1939.81
8310,2586.29
8311,2446.02
8312,3150.1
8313,2998.7
8314,2316.28
8315,4421.72
8316,1012.31
8317,2331.18
8318,2588.64
8319,2593.33
8320,3174.17
8321,1494.27
8322,4714.19
8323,4300.45
8324,1931.78
8325,4491.73
8326,3159.57
8327,4557.33
8328,2128.7
8329,3378.37
8330,2224.51
8331,2994.69
8332,1210.55
8333,2937.16
8334,2620.16
8335,2060.02
8336,2082.67
8337,2964.87
8338,3052.06
8339,3052.81
8340,3629.94
8341,2424.15
8342,2775.34
8343,2925.44
8344,3157.43
8345,2121.01
8346,2844.59
8347,1216.0
8348,2547.53
8349,2938.49
8350,1134.54
8351,2500.56
8352,3608.23
8353,3133.83
8354,1892.92
8355,3172.85
8356,2102.31
8357,4267.63
8358,2061.89
8359,2359.35
8360,9012.42
8361,2116.35
8362,1939.15
8363,2191.63
8364,3987.89
8365,3730.5
8366,1768.6
8367,3859.19
8368,2146.77
8369,2049.76
8370,3133.62
8371,2241.65
8372,2536.55
8373,3731.62
8374,1202.67
8375,7844.4
8376,2513.62
8377,2494.83
8378,2742.13
8379,1987.22
8380,2031.25
8381,2415.46
8382,1277.45
8383,4004.39
8384,3565.96
8385,3407.73
8386,2363.38
8387,1503.73
8388,2968.77
8389,8928.88
8390,2321.27
8391,4084.15
8392,4471.46
8393,1461.79
8394,2680.35
8395,2510.2
8396,2874.53
8397,2266.82
8398,3484.32
8399,4393.22
8400,4128.83
8401,2566.82
8402,3005.21
8403,2775.61
8404,5154.96
8405,2310.08
8406,2232.29
8407,2137.03
8408,1812.17
8409,2292.46
8410,4328.08
8411,2725.06
8412,1257.91
8413,3232.26
8414,5021.41
8415,3472.67
8416,4592.2
8417,1447.13
8418,2145.95
8419,4220.07
8420,1446.4
8421,2040.43
8422,2070.2
8423,3363.22
8424,1084.86
8425,2713.79
8426,4563.48
8427,1191.93
8428,4032.35
8429,3096.36
8430,3025.56
8431,1460.39
8432,3662.73
8433,2032.89
8434,2165.88
8435,1636.75
8436,2728.96
8437,3547.83
8438,2594.84
8439,2826.85
8440,1278.8
8441,3053.3
8442,3822.75
8443,3531.62
8444,3859.47
8445,2528.82
8446,3140.97
8447,2127.93
8448,2051.18
8449,3687.74
8450,2427.49
8451,4274.91
8452,2439.44
8453,1852.53
8454,3262.19
8455,2403.01
8456,2013.8
8457,5042.17
8458,16628.19
8459,1123.58
8460,2624.77
8461,2056.91
8462,2314.13
8463,2136.09
8464,1966.6
8465,2708.33
8466,4187.87
8467,1671.66
8468,2341.64
8469,2206.96
8470,1272.41
8471,1535.11
8472,2354.88
8473,4492.99
8474,4620.82
8475,2115.93
8476,4959.97
8477,2108.1
8478,3629.73
8479,4155.82
8480,2065.01
8481,2317.98
8482,3325.47
8483,3858.58
8484,2312.35
8485,2704.36
8486,2813.43
8487,2194.8
8488,3060.98
8489,2872.6
8490,2253.67
8491,1522.04
8492,3451.6
8493,2550.38
8494,3251.72
8495,2240.35
8496,1645.9
8497,3403.77
8498,2281.41
8499,3817.91
8500,3147.08
8501,1395.4
8502,2925.65
8503,4022.32
8504,2846.1
8505,2342.97
8506,1105.61
8507,2004.57
8508,4473.79
8509,3009.36
8510,2354.36
8511,1346.03
8512,2331.75
8513,3208.02
8514,1005.41
8515,2112.98
8516,2413.32
8517,2451.36
8518,2247.08
8519,1988.05
8520,2496.7
8521,1830.17
8522,1887.71
8523,2779.98
8524,3727.24
8525,3100.86
8526,2540.89
8527,3611.75
8528,2351.99
8529,2085.72
8530,10665.34
8531,2562.37
8532,2412.3
8533,974.39
8534,4331.99
8535,2876.7
8536,1911.44
8537,4596.65
8538,2665.07
8539,2171.82
8540,1152.07
8541,2212.88
8542,4458.35
8543,2527.91
8544,3741.92
8545,2057.99
8546,1500.49
8547,3216.41
8548,1688.8
8549,4812.98
8550,3114.41
8551,13310.69
8552,16843.18
8553,2580.57
8554,4181.93
8555,2164.17
8556,3916.97
8557,2472.21
8558,2210.66
8559,1592.22
8560,1524.36
8561,2443.82
8562,3718.27
8563,2052.39
8564,1596.82
8565,2399.56
8566,3039.51
8567,4347.59
8568,3875.44
8569,13529.34
8570,1064.33
8571,2165.48
8572,3432.42
8573,3840.17
8574,2236.38
8575,2465.16
8576,3794.74
8577,1957.49
8578,8255.52
8579,4881.77
8580,2321.8
8581,4151.67
8582,3988.69
8583,4104.69
8584,3024.87
8585,2460.31
8586,2536.24
8587,2414.3
8588,2447.73
8589,1811.52
8590,2099.86
8591,2901.87
8592,3249.01
8593,2138.99
8594,4022.39
8595,2514.07
8596,3258.56
8597,2676.41
8598,2357.45
8599,3835.99
8600,3027.5
8601,2179.61
8602,2477.59
8603,3091.53
8604,2593.57
8605,2671.97
8606,1630.68
8607,2415.35
8608,3116.63
8609,4734.81
8610,2402.66
8611,2604.58
8612,2751.96
8613,3152.53
8614,4323.68
8615,2252.09
8616,2327.84
8617,3071.19
8618,3086.8
8619,3266.0
8620,1752.87
8621,2516.79
8622,3661.42
8623,23494.8
8624,5363.35
8625,2609.69
8626,2699.9
8627,2788.38
8628,3919.67
8629,2051.57
8630,2588.34
8631,4642.42
8632,2024.15
8633,2886.12
8634,1950.46
8635,1682.49
8636,3624.49
8637,3224.57
8638,2955.79
8639,2297.91
8640,2962.74
8641,3506.59
8642,2729.65
8643,3196.82
8644,1984.52
8645,4553.59
8646,2156.83
8647,4330.99
8648,2370.9
8649,2042.64
8650,2657.94
8651,2715.12
8652,2175.57
8653,1291.91
8654,4311.01
8655,2401.85
8656,3786.11
8657,4242.53
8658,4061.3
8659,975.62
8660,2139.56
8661,1367.8
8662,1726.05
8663,3709.61
8664,3338.97
8665,2190.24
8666,3291.69
8667,1135.62
8668,2807.85
8669,3355.74
8670,2646.58
8671,3415.32
8672,3428.9
8673,2368.03
8674,2559.56
8675,2748.56
8676,3605.85
8677,3569.57
8678,3758.8
8679,2397.09
8680,3931.83
8681,4256.37
8682,2452.68
8683,4161.71
8684,3181.14
8685,2689.09
8686,2002.02
8687,2986.3
8688,3725.55
8689,3054.23
8690,2243.18
8691,2132.28
8692,3012.33
8693,19303.56
8694,1155.28
8695,1500.12
8696,2423.46
8697,2052.88
8698,2366.77
8699,3591.39
8700,3171.57
8701,2844.26
8702,2690.36
8703,19696.22
8704,2554.57
8705,2388.92
8706,3050.59
8707,4397.49
8708,2115.37
8709,2086.34
8710,2242.77
8711,1991.41
8712,12561.29
8713,1989.18
8714,8911.12
8715,1925.74
8716,4407.9
8717,1915.05
8718,2235.25
8719,2454.0
8720,4558.3
8721,2109.62
8722,2657.16
8723,17490.93
8724,4217.26
8725,3226.67
8726,3270.87
8727,3110.39
8728,1863.69
8729,4657.17
8730,2869.9
8731,1788.31
8732,8175.19
8733,10834.4
8734,2978.14
8735,2008.21
8736,3325.63
8737,2626.87
8738,11890.09
8739,3165.0
8740,4661.97
8741,2999.46
8742,4032.46
8743,2432.45
8744,2223.09
8745,2588.05
8746,3397.09
8747,2341.77
8748,3473.79
8749,4173.8
8750,3674.93
8751,2923.81
8752,2036.3
8753,2104.62
8754,3141.98
8755,2223.09
8756,2916.83
8757,1737.17
8758,1996.92
8759,1814.03
8760,2492.44
8761,13183.9
8762,3189.74
8763,2682.67
8764,947.88
8765,3008.96
8766,2965.7
8767,2396.93
8768,1734.07
8769,2259.51
8770,2151.74
8771,2284.97
8772,2758.2
8773,3862.51
8774,2042.26
8775,3949.66
8776,2006.57
8777,1984.68
8778,2160.28
8779,2988.74
8780,1413.18
8781,2130.21
8782,15032.53
8783,3013.21
8784,2215.81
8785,1043.29
8786,3849.64
8787,2045.92
8788,2071.27
8789,2529.11
8790,2844.64
8791,1300.8
8792,2460.48
8793,4056.96
8794,1138.63
8795,2304.29
8796,3712.67
8797,2120.15
8798,33619.23
8799,2225.24
8800,2554.09
8801,14223.29
8802,2402.01
8803,1981.44
8804,2726.48
8805,3730.66
8806,4175.36
8807,2585.41
8808,1335.37
8809,1240.55
8810,4002.08
8811,1254.71
8812,2237.75
8813,2771.46
8814,3671.26
8815,1452.76
8816,2378.88
8817,3491.71
8818,3210.32
8819,1790.34
8820,3464.22
8821,2410.78
8822,4268.44
8823,2958.73
8824,3352.78
8825,2094.99
8826,2344.28
8827,3000.16
8828,2070.73
8829,2828.19
8830,3903.29
8831,4754.87
8832,2380.09
8833,2284.01
8834,3826.92
8835,3373.2
8836,3524.57
8837,2869.42
8838,1962.23
8839,2084.84
8840,2077.76
8841,2938.85
8842,3606.25
8843,2051.12
8844,3281.05
8845,4699.81
8846,3171.83
8847,3874.03
8848,2328.34
8849,2549.93
8850,2445.25
8851,3182.68
8852,3444.76
8853,3979.37
8854,1267.47
8855,3209.15
8856,3678.09
8857,3072.58
8858,2604.67
8859,2675.03
8860,4138.72
8861,2640.66
8862,4244.31
8863,4022.99
8864,3078.45
8865,2354.8
8866,2971.48
8867,2407.88
8868,2161.24
8869,2916.89
8870,2196.15
8871,4011.73
8872,1967.78
8873,2653.51
8874,2036.46
8875,3322.35
8876,2288.91
8877,1222.72
8878,2659.34
8879,2293.73
8880,2201.39
8881,2823.45
8882,3004.47
8883,2158.11
8884,3155.05
8885,3327.07
8886,1814.84
8887,2497.82
8888,1586.79
8889,1767.37
8890,1858.21
8891,3108.33
8892,2803.19
8893,2314.36
8894,4344.16
8895,2711.98
8896,19790.34
8897,4117.29
8898,4068.85
8899,2055.37
8900,2138.62
8901,3051.92
8902,2353.17
8903,4264.17
8904,2398.33
8905,1649.58
8906,3598.58
8907,2536.21
8908,2276.39
8909,1299.53
8910,4894.53
8911,2049.42
8912,3270.75
8913,2019.34
8914,1951.96
8915,5132.64
8916,2097.7
8917,3156.85
8918,4530.27
8919,2071.05
8920,2817.31
8921,2625.36
8922,4099.72
8923,2476.46
8924,1967.19
8925,4371.85
8926,4728.52
8927,2366.51
8928,1900.65
8929,2018.33
8930,2763.88
8931,2217.05
8932,2092.8
8933,4830.76
8934,3145.9
8935,4704.88
8936,1794.48
8937,3949.0
8938,2061.53
8939,2138.44
8940,1939.82
8941,2335.06
8942,3860.83
8943,23150.72
8944,2304.1
8945,2458.13
8946,2020.15
8947,2863.85
8948,3862.54
8949,3183.82
8950,2236.85
8951,3443.51
8952,2484.29
8953,1848.54
8954,3125.18
8955,2073.6
8956,3779.33
8957,2281.66
8958,2511.83
8959,1819.88
8960,2173.6
8961,2044.62
8962,2632.8
8963,2909.06
8964,2037.7
8965,2195.93
8966,2801.21
8967,2115.26
8968,2119.56
8969,3428.16
8970,2850.2
8971,2856.97
8972,2384.61
8973,2297.25
8974,3347.12
8975,4091.42
8976,4691.5
8977,2777.7
8978,4337.32
8979,2017.1
8980,1653.83
8981,2139.33
8982,1990.9
8983,2335.73
8984,2632.68
8985,1280.37
8986,2781.74
8987,3618.34
8988,2696.69
8989,9241.41
8990,2888.18
8991,4581.15
8992,2689.44
8993,985.3
8994,2228.89
8995,24207.81
8996,2247.13
8997,2468.96
8998,2212.61
8999,2190.99
